publication_id	publication_title	issue_number	issue_type	issue_year	issue_month	issue_day	printing_house_name
1	Aylık Ant Dergisi	1	regular issue	1970	5		İleri Sanat Matbaası
1	Aylık Ant Dergisi	2	regular issue	1970	6		İleri Sanat Matbaası
1	Aylık Ant Dergisi	3	regular issue	1970	7		
1	Aylık Ant Dergisi	4	regular issue	1970	8		
1	Aylık Ant Dergisi	5	regular issue	1970	9		Osmanbey Matbaası
1	Aylık Ant Dergisi	6	regular issue	1970	10		Osmanbey Matbaası
1	Aylık Ant Dergisi	7	regular issue	1970	11		Osmanbey Matbaası
1	Aylık Ant Dergisi	8	regular issue	1970	12		Osmanbey Matbaası
1	Aylık Ant Dergisi	9	regular issue	1971	1		Osmanbey Matbaası
1	Aylık Ant Dergisi	10	regular issue	1971	2		Osmanbey Matbaası
1	Aylık Ant Dergisi	11	regular issue	1971	3		Osmanbey Matbaası
1	Aylık Ant Dergisi	12	regular issue	1971	4		Osmanbey Matbaası
1	Aylık Ant Dergisi	13	regular issue	1971	5		Osmanbey Matbaası
2	Aydınlık Sosyalist Dergi	1	regular issue	1968	11		
2	Aydınlık Sosyalist Dergi	2	regular issue	1968	12		İş Matbaacılık ve Ticaret
2	Aydınlık Sosyalist Dergi	3	regular issue	1969	1		İş Matbaacılık ve Ticaret
2	Aydınlık Sosyalist Dergi	4	regular issue	1969	2		İş Matbaacılık ve Ticaret
2	Aydınlık Sosyalist Dergi	5	regular issue	1969	3		İş Matbaacılık ve Ticaret
2	Aydınlık Sosyalist Dergi	6	regular issue	1969	4		İş Matbaacılık ve Ticaret
2	Aydınlık Sosyalist Dergi	7	regular issue	1969	5		İş Matbaacılık ve Ticaret
2	Aydınlık Sosyalist Dergi	8	regular issue	1969	6		İş Matbaacılık ve Ticaret
2	Aydınlık Sosyalist Dergi	9	regular issue	1969	7		İş Matbaacılık ve Ticaret
2	Aydınlık Sosyalist Dergi	10	regular issue	1969	8		İş Matbaacılık ve Ticaret
2	Aydınlık Sosyalist Dergi	11	regular issue	1969	9		İş Matbaacılık ve Ticaret
2	Aydınlık Sosyalist Dergi	12	regular issue	1969	10		İş Matbaacılık ve Ticaret
2	Aydınlık Sosyalist Dergi	13	regular issue	1969	11		İş Matbaacılık ve Ticaret
2	Aydınlık Sosyalist Dergi	14	regular issue	1969	12		İş Matbaacılık ve Ticaret
2	Aydınlık Sosyalist Dergi	15	regular issue	1970	1		TÖYKO Matbaası
2	Aydınlık Sosyalist Dergi	16	regular issue	1970	2		TÖYKO Matbaası
2	Aydınlık Sosyalist Dergi	17	regular issue	1970	3		San Matbaası
2	Aydınlık Sosyalist Dergi	18	regular issue	1970	4		San Matbaası
2	Aydınlık Sosyalist Dergi	19	regular issue	1970	5		San Matbaası
2	Aydınlık Sosyalist Dergi	20	regular issue	1970	6		San Matbaası
2	Aydınlık Sosyalist Dergi	21	regular issue	1970	7		San Matbaası
2	Aydınlık Sosyalist Dergi	22	regular issue	1970	8		
2	Aydınlık Sosyalist Dergi	23	regular issue	1970	9		
2	Aydınlık Sosyalist Dergi	24	regular issue	1970	10		
2	Aydınlık Sosyalist Dergi	25	regular issue	1970	11		
2	Aydınlık Sosyalist Dergi	26	regular issue	1970	12		
2	Aydınlık Sosyalist Dergi	27	regular issue	1971	1		
2	Aydınlık Sosyalist Dergi	28	regular issue	1971	2		Baylan Basım ve Ciltevi
2	Aydınlık Sosyalist Dergi	29-30	regular issue	1971	3-4		Baylan Basım ve Ciltevi
3	Proleter Devrimci Aydınlık	1-15	regular issue	1970	1		İş Matbaacılık ve Ticaret
3	Proleter Devrimci Aydınlık	2-16	regular issue	1970	2		İş Matbaacılık ve Ticaret
3	Proleter Devrimci Aydınlık	3-17	regular issue	1970	3		İş Matbaacılık ve Ticaret
3	Proleter Devrimci Aydınlık	4-18	regular issue	1970	4		İş Matbaacılık ve Ticaret
3	Proleter Devrimci Aydınlık	5-19	regular issue	1970	5		İş Matbaacılık ve Ticaret
3	Proleter Devrimci Aydınlık	6-20	regular issue	1970	6		İş Matbaacılık ve Ticaret
3	Proleter Devrimci Aydınlık	7-21	regular issue	1970	7		İş Matbaacılık ve Ticaret
3	Proleter Devrimci Aydınlık	8-22	regular issue	1970	8		İş Matbaacılık ve Ticaret
3	Proleter Devrimci Aydınlık	9-23	regular issue	1970	9		İş Matbaacılık ve Ticaret
3	Proleter Devrimci Aydınlık	10-24	regular issue	1970	10		TİSA Matbaacılık Sanayii
3	Proleter Devrimci Aydınlık	11-25	regular issue	1970	11		TİSA Matbaacılık Sanayii
3	Proleter Devrimci Aydınlık	12-26	regular issue	1970	12		TİSA Matbaacılık Sanayii
3	Proleter Devrimci Aydınlık	13-27	regular issue	1971	1		
3	Proleter Devrimci Aydınlık	14-28	regular issue	1971	2		Ulusal Basımevi
3	Proleter Devrimci Aydınlık	15-29	regular issue	1971	2		Ulusal Basımevi
3	Proleter Devrimci Aydınlık	16-30	regular issue	1971	2		Ulusal Basımevi
3	Proleter Devrimci Aydınlık	17-31	regular issue	1971	2		Ulusal Basımevi
3	Proleter Devrimci Aydınlık	18-32	regular issue	1971	3		Ulusal Basımevi
3	Proleter Devrimci Aydınlık	19-33	regular issue	1971	3		Ulusal Basımevi
3	Proleter Devrimci Aydınlık	20-34	regular issue	1971	3		Ulusal Basımevi
3	Proleter Devrimci Aydınlık	21-35	regular issue	1971	3		Ulusal Basımevi
3	Proleter Devrimci Aydınlık	22-36	regular issue	1971	3		Ulusal Basımevi
3	Proleter Devrimci Aydınlık	23-37	regular issue	1971	4		Ulusal Basımevi
3	Proleter Devrimci Aydınlık	24-38	regular issue	1971	4		Ulusal Basımevi
3	Proleter Devrimci Aydınlık	25-39	regular issue	1971	4		Ulusal Basımevi
3	Proleter Devrimci Aydınlık	26-40	regular issue	1971	4		Ulusal Basımevi
4	Haftalık Ant Dergisi	1	regular issue	1967	1	3	Tan Matbaası
4	Haftalık Ant Dergisi	2	regular issue	1967	1	10	Tan Matbaası
4	Haftalık Ant Dergisi	3	regular issue	1967	1	17	Tan Matbaası
4	Haftalık Ant Dergisi	4	regular issue	1967	1	24	Tan Matbaası
4	Haftalık Ant Dergisi	5	regular issue	1967	1	31	Tan Matbaası
4	Haftalık Ant Dergisi	6	regular issue	1967	2	7	Tan Matbaası
4	Haftalık Ant Dergisi	7	regular issue	1967	2	14	Tan Matbaası
4	Haftalık Ant Dergisi	8	regular issue	1967	2	21	Tan Matbaası
4	Haftalık Ant Dergisi	9	regular issue	1967	2	28	Tan Matbaası
4	Haftalık Ant Dergisi	10	regular issue	1967	3	7	Tan Matbaası
4	Haftalık Ant Dergisi	11	regular issue	1967	3	14	Tan Matbaası
4	Haftalık Ant Dergisi	12	regular issue	1967	3	21	Tan Matbaası
4	Haftalık Ant Dergisi	13	regular issue	1967	3	28	Tan Matbaası
4	Haftalık Ant Dergisi	14	regular issue	1967	4	4	Tan Matbaası
4	Haftalık Ant Dergisi	15	regular issue	1967	4	11	Tan Matbaası
4	Haftalık Ant Dergisi	16	regular issue	1967	4	18	Tan Matbaası
4	Haftalık Ant Dergisi	17	regular issue	1967	4	25	Tan Matbaası
4	Haftalık Ant Dergisi	18	regular issue	1967	5	2	Tan Matbaası
4	Haftalık Ant Dergisi	19	regular issue	1967	5	9	Tan Matbaası
4	Haftalık Ant Dergisi	20	regular issue	1967	5	16	Tan Matbaası
4	Haftalık Ant Dergisi	21	regular issue	1967	5	23	Tan Matbaası
4	Haftalık Ant Dergisi	22	regular issue	1967	5	30	Tan Matbaası
4	Haftalık Ant Dergisi	23	regular issue	1967	6	6	Tan Matbaası
4	Haftalık Ant Dergisi	24	regular issue	1967	6	13	Tan Matbaası
4	Haftalık Ant Dergisi	25	regular issue	1967	6	20	Tan Matbaası
4	Haftalık Ant Dergisi	26	regular issue	1967	6	27	Tan Matbaası
4	Haftalık Ant Dergisi	27	regular issue	1967	7	4	Tan Matbaası
4	Haftalık Ant Dergisi	28	regular issue	1967	7	11	Tan Matbaası
4	Haftalık Ant Dergisi	29	regular issue	1967	7	18	Tan Matbaası
4	Haftalık Ant Dergisi	30	regular issue	1967	7	25	Tan Matbaası
4	Haftalık Ant Dergisi	31	regular issue	1967	8	1	Tan Matbaası
4	Haftalık Ant Dergisi	32	regular issue	1967	8	8	Tan Matbaası
4	Haftalık Ant Dergisi	33	regular issue	1967	8	15	Tan Matbaası
4	Haftalık Ant Dergisi	34	regular issue	1967	8	22	Tan Matbaası
4	Haftalık Ant Dergisi	35	regular issue	1967	8	29	Tan Matbaası
4	Haftalık Ant Dergisi	36	regular issue	1967	9	5	Tan Matbaası
4	Haftalık Ant Dergisi	37	regular issue	1967	9	12	Tan Matbaası
4	Haftalık Ant Dergisi	38	regular issue	1967	9	19	Tan Matbaası
4	Haftalık Ant Dergisi	39	regular issue	1967	9	26	Tan Matbaası
4	Haftalık Ant Dergisi	40	regular issue	1967	10	3	Tan Matbaası
4	Haftalık Ant Dergisi	41	regular issue	1967	10	10	Tan Matbaası
4	Haftalık Ant Dergisi	42	regular issue	1967	10	17	Vatan Gazetecilik ve Matbaacılık İşletmeciliği
4	Haftalık Ant Dergisi	43	regular issue	1967	10	24	Vatan Gazetecilik ve Matbaacılık İşletmeciliği
4	Haftalık Ant Dergisi	44	regular issue	1967	10	31	Vatan Gazetecilik ve Matbaacılık İşletmeciliği
4	Haftalık Ant Dergisi	45	regular issue	1967	11	7	Vatan Gazetecilik ve Matbaacılık İşletmeciliği
4	Haftalık Ant Dergisi	46	regular issue	1967	11	14	Vatan Gazetecilik ve Matbaacılık İşletmeciliği
4	Haftalık Ant Dergisi	47	regular issue	1967	11	21	Vatan Gazetecilik ve Matbaacılık İşletmeciliği
4	Haftalık Ant Dergisi	48	regular issue	1967	11	28	Vatan Gazetecilik ve Matbaacılık İşletmeciliği
4	Haftalık Ant Dergisi	49	regular issue	1967	12	5	Vatan Gazetecilik ve Matbaacılık İşletmeciliği
4	Haftalık Ant Dergisi	50	regular issue	1967	12	12	Vatan Gazetecilik ve Matbaacılık İşletmeciliği
4	Haftalık Ant Dergisi	51	regular issue	1967	12	19	Vatan Gazetecilik ve Matbaacılık İşletmeciliği
4	Haftalık Ant Dergisi	52	regular issue	1967	12	26	Vatan Gazetecilik ve Matbaacılık İşletmeciliği
4	Haftalık Ant Dergisi	53	regular issue	1968	1	2	Vatan Gazetecilik ve Matbaacılık İşletmeciliği
4	Haftalık Ant Dergisi	54	regular issue	1968	1	9	Vatan Gazetecilik ve Matbaacılık İşletmeciliği
4	Haftalık Ant Dergisi	55	regular issue	1968	1	16	Vatan Gazetecilik ve Matbaacılık İşletmeciliği
4	Haftalık Ant Dergisi	56	regular issue	1968	1	23	Vatan Gazetecilik ve Matbaacılık İşletmeciliği
4	Haftalık Ant Dergisi	57	regular issue	1968	1	30	Vatan Gazetecilik ve Matbaacılık İşletmeciliği
4	Haftalık Ant Dergisi	58	regular issue	1968	2	6	Vatan Gazetecilik ve Matbaacılık İşletmeciliği
4	Haftalık Ant Dergisi	59	regular issue	1968	2	13	Vatan Gazetecilik ve Matbaacılık İşletmeciliği
4	Haftalık Ant Dergisi	60	regular issue	1968	2	20	Vatan Gazetecilik ve Matbaacılık İşletmeciliği
4	Haftalık Ant Dergisi	61	regular issue	1968	2	27	Vatan Gazetecilik ve Matbaacılık İşletmeciliği
4	Haftalık Ant Dergisi	62	regular issue	1968	3	5	Vatan Gazetecilik ve Matbaacılık İşletmeciliği
4	Haftalık Ant Dergisi	63	regular issue	1968	3	12	Vatan Gazetecilik ve Matbaacılık İşletmeciliği
4	Haftalık Ant Dergisi	64	regular issue	1968	3	19	Vatan Gazetecilik ve Matbaacılık İşletmeciliği
4	Haftalık Ant Dergisi	65	regular issue	1968	3	26	Vatan Gazetecilik ve Matbaacılık İşletmeciliği
4	Haftalık Ant Dergisi	66	regular issue	1968	4	2	Vatan Gazetecilik ve Matbaacılık İşletmeciliği
4	Haftalık Ant Dergisi	67	regular issue	1968	4	9	Vatan Gazetecilik ve Matbaacılık İşletmeciliği
4	Haftalık Ant Dergisi	68	regular issue	1968	4	16	Vatan Gazetecilik ve Matbaacılık İşletmeciliği
4	Haftalık Ant Dergisi	69	regular issue	1968	4	23	Vatan Gazetecilik ve Matbaacılık İşletmeciliği
4	Haftalık Ant Dergisi	70	regular issue	1968	4	30	Vatan Gazetecilik ve Matbaacılık İşletmeciliği
4	Haftalık Ant Dergisi	71	regular issue	1968	5	7	Vatan Gazetecilik ve Matbaacılık İşletmeciliği
4	Haftalık Ant Dergisi	72	regular issue	1968	5	14	Vatan Gazetecilik ve Matbaacılık İşletmeciliği
4	Haftalık Ant Dergisi	73	regular issue	1968	5	21	Vatan Gazetecilik ve Matbaacılık İşletmeciliği
4	Haftalık Ant Dergisi	74	regular issue	1968	5	28	Vatan Gazetecilik ve Matbaacılık İşletmeciliği
4	Haftalık Ant Dergisi	75	regular issue	1968	6	4	Vatan Gazetecilik ve Matbaacılık İşletmeciliği
4	Haftalık Ant Dergisi	76	regular issue	1968	6	11	Vatan Gazetecilik ve Matbaacılık İşletmeciliği
4	Haftalık Ant Dergisi	77	regular issue	1968	6	18	Vatan Gazetecilik ve Matbaacılık İşletmeciliği
4	Haftalık Ant Dergisi	78	regular issue	1968	6	25	Vatan Gazetecilik ve Matbaacılık İşletmeciliği
4	Haftalık Ant Dergisi	79	regular issue	1968	7	2	Vatan Gazetecilik ve Matbaacılık İşletmeciliği
4	Haftalık Ant Dergisi	80	regular issue	1968	7	9	Vatan Gazetecilik ve Matbaacılık İşletmeciliği
4	Haftalık Ant Dergisi	81	regular issue	1968	7	16	Vatan Gazetecilik ve Matbaacılık İşletmeciliği
4	Haftalık Ant Dergisi	82	regular issue	1968	7	23	Vatan Gazetecilik ve Matbaacılık İşletmeciliği
4	Haftalık Ant Dergisi	83	regular issue	1968	7	30	Vatan Gazetecilik ve Matbaacılık İşletmeciliği
4	Haftalık Ant Dergisi	84	regular issue	1968	8	6	Vatan Gazetecilik ve Matbaacılık İşletmeciliği
4	Haftalık Ant Dergisi	85	regular issue	1968	8	13	Vatan Gazetecilik ve Matbaacılık İşletmeciliği
4	Haftalık Ant Dergisi	86	regular issue	1968	8	20	Vatan Gazetecilik ve Matbaacılık İşletmeciliği
4	Haftalık Ant Dergisi	87	regular issue	1968	8	27	Vatan Gazetecilik ve Matbaacılık İşletmeciliği
4	Haftalık Ant Dergisi	88	regular issue	1968	9	3	Vatan Gazetecilik ve Matbaacılık İşletmeciliği
4	Haftalık Ant Dergisi	89	regular issue	1968	9	10	Vatan Gazetecilik ve Matbaacılık İşletmeciliği
4	Haftalık Ant Dergisi	90	regular issue	1968	9	17	Vatan Gazetecilik ve Matbaacılık İşletmeciliği
4	Haftalık Ant Dergisi	91	regular issue	1968	9	24	Vatan Gazetecilik ve Matbaacılık İşletmeciliği
4	Haftalık Ant Dergisi	92	regular issue	1968	10	1	Vatan Gazetecilik ve Matbaacılık İşletmeciliği
4	Haftalık Ant Dergisi	93	regular issue	1968	10	8	Vatan Gazetecilik ve Matbaacılık İşletmeciliği
4	Haftalık Ant Dergisi	94	regular issue	1968	10	15	Vatan Gazetecilik ve Matbaacılık İşletmeciliği
4	Haftalık Ant Dergisi	95	regular issue	1968	10	22	Vatan Gazetecilik ve Matbaacılık İşletmeciliği
4	Haftalık Ant Dergisi	96	regular issue	1968	10	29	Vatan Gazetecilik ve Matbaacılık İşletmeciliği
4	Haftalık Ant Dergisi	97	regular issue	1968	11	5	Vatan Gazetecilik ve Matbaacılık İşletmeciliği
4	Haftalık Ant Dergisi	98	regular issue	1968	11	12	Vatan Gazetecilik ve Matbaacılık İşletmeciliği
4	Haftalık Ant Dergisi	99	regular issue	1968	11	19	Vatan Gazetecilik ve Matbaacılık İşletmeciliği
4	Haftalık Ant Dergisi	100	regular issue	1968	11	26	Vatan Gazetecilik ve Matbaacılık İşletmeciliği
4	Haftalık Ant Dergisi	101	regular issue	1968	12	3	Vatan Gazetecilik ve Matbaacılık İşletmeciliği
4	Haftalık Ant Dergisi	102	regular issue	1968	12	10	Vatan Gazetecilik ve Matbaacılık İşletmeciliği
4	Haftalık Ant Dergisi	103	regular issue	1968	12	17	Vatan Gazetecilik ve Matbaacılık İşletmeciliği
4	Haftalık Ant Dergisi	104	regular issue	1968	12	24	Vatan Gazetecilik ve Matbaacılık İşletmeciliği
4	Haftalık Ant Dergisi	105	regular issue	1968	12	31	Vatan Gazetecilik ve Matbaacılık İşletmeciliği
4	Haftalık Ant Dergisi	106	regular issue	1969	1	7	Vatan Gazetecilik ve Matbaacılık İşletmeciliği
4	Haftalık Ant Dergisi	107	regular issue	1969	1	14	Vatan Gazetecilik ve Matbaacılık İşletmeciliği
4	Haftalık Ant Dergisi	108	regular issue	1969	1	21	Vatan Gazetecilik ve Matbaacılık İşletmeciliği
4	Haftalık Ant Dergisi	109	regular issue	1969	1	28	Vatan Gazetecilik ve Matbaacılık İşletmeciliği
4	Haftalık Ant Dergisi	110	regular issue	1969	2	4	Vatan Gazetecilik ve Matbaacılık İşletmeciliği
4	Haftalık Ant Dergisi	111	regular issue	1969	2	11	Vatan Gazetecilik ve Matbaacılık İşletmeciliği
4	Haftalık Ant Dergisi	112	regular issue	1969	2	18	Vatan Gazetecilik ve Matbaacılık İşletmeciliği
4	Haftalık Ant Dergisi	113	regular issue	1969	2	25	Vatan Gazetecilik ve Matbaacılık İşletmeciliği
4	Haftalık Ant Dergisi	114	regular issue	1969	3	4	Vatan Gazetecilik ve Matbaacılık İşletmeciliği
4	Haftalık Ant Dergisi	115	regular issue	1969	3	11	Vatan Gazetecilik ve Matbaacılık İşletmeciliği
4	Haftalık Ant Dergisi	116	regular issue	1969	3	18	Vatan Gazetecilik ve Matbaacılık İşletmeciliği
4	Haftalık Ant Dergisi	117	regular issue	1969	3	25	Vatan Gazetecilik ve Matbaacılık İşletmeciliği
4	Haftalık Ant Dergisi	118	regular issue	1969	4	1	Vatan Gazetecilik ve Matbaacılık İşletmeciliği
4	Haftalık Ant Dergisi	119	regular issue	1969	4	8	Vatan Gazetecilik ve Matbaacılık İşletmeciliği
4	Haftalık Ant Dergisi	120	regular issue	1969	4	15	Vatan Gazetecilik ve Matbaacılık İşletmeciliği
4	Haftalık Ant Dergisi	121	regular issue	1969	4	22	Vatan Gazetecilik ve Matbaacılık İşletmeciliği
4	Haftalık Ant Dergisi	122	regular issue	1969	4	29	Vatan Gazetecilik ve Matbaacılık İşletmeciliği
4	Haftalık Ant Dergisi	123	regular issue	1969	5	6	Vatan Gazetecilik ve Matbaacılık İşletmeciliği
4	Haftalık Ant Dergisi	124	regular issue	1969	5	13	Vatan Gazetecilik ve Matbaacılık İşletmeciliği
4	Haftalık Ant Dergisi	125	regular issue	1969	5	20	Vatan Gazetecilik ve Matbaacılık İşletmeciliği
4	Haftalık Ant Dergisi	126	regular issue	1969	5	27	Vatan Gazetecilik ve Matbaacılık İşletmeciliği
4	Haftalık Ant Dergisi	127	regular issue	1969	6	3	Vatan Gazetecilik ve Matbaacılık İşletmeciliği
4	Haftalık Ant Dergisi	128	regular issue	1969	6	10	Vatan Gazetecilik ve Matbaacılık İşletmeciliği
4	Haftalık Ant Dergisi	129	regular issue	1969	6	17	Vatan Gazetecilik ve Matbaacılık İşletmeciliği
4	Haftalık Ant Dergisi	130	regular issue	1969	6	24	Vatan Gazetecilik ve Matbaacılık İşletmeciliği
4	Haftalık Ant Dergisi	131	regular issue	1969	7	1	Vatan Gazetecilik ve Matbaacılık İşletmeciliği
4	Haftalık Ant Dergisi	132	regular issue	1969	7	8	Vatan Gazetecilik ve Matbaacılık İşletmeciliği
4	Haftalık Ant Dergisi	133	regular issue	1969	7	15	Vatan Gazetecilik ve Matbaacılık İşletmeciliği
4	Haftalık Ant Dergisi	134	regular issue	1969	7	22	Vatan Gazetecilik ve Matbaacılık İşletmeciliği
4	Haftalık Ant Dergisi	135	regular issue	1969	7	29	Vatan Gazetecilik ve Matbaacılık İşletmeciliği
4	Haftalık Ant Dergisi	136	regular issue	1969	8	5	Vatan Gazetecilik ve Matbaacılık İşletmeciliği
4	Haftalık Ant Dergisi	137	regular issue	1969	8	12	Vatan Gazetecilik ve Matbaacılık İşletmeciliği
4	Haftalık Ant Dergisi	138	regular issue	1969	8	19	Vatan Gazetecilik ve Matbaacılık İşletmeciliği
4	Haftalık Ant Dergisi	139	regular issue	1969	8	26	Vatan Gazetecilik ve Matbaacılık İşletmeciliği
4	Haftalık Ant Dergisi	140	regular issue	1969	9	2	Vatan Gazetecilik ve Matbaacılık İşletmeciliği
4	Haftalık Ant Dergisi	141	regular issue	1969	9	9	Vatan Gazetecilik ve Matbaacılık İşletmeciliği
4	Haftalık Ant Dergisi	142	regular issue	1969	9	16	Vatan Gazetecilik ve Matbaacılık İşletmeciliği
4	Haftalık Ant Dergisi	143	regular issue	1969	9	23	Vatan Gazetecilik ve Matbaacılık İşletmeciliği
4	Haftalık Ant Dergisi	144	regular issue	1969	9	30	Vatan Gazetecilik ve Matbaacılık İşletmeciliği
4	Haftalık Ant Dergisi	145	regular issue	1969	10	7	Vatan Gazetecilik ve Matbaacılık İşletmeciliği
4	Haftalık Ant Dergisi	146	regular issue	1969	10	14	Vatan Gazetecilik ve Matbaacılık İşletmeciliği
4	Haftalık Ant Dergisi	147	regular issue	1969	10	21	Vatan Gazetecilik ve Matbaacılık İşletmeciliği
4	Haftalık Ant Dergisi	148	regular issue	1969	10	28	Vatan Gazetecilik ve Matbaacılık İşletmeciliği
4	Haftalık Ant Dergisi	149	regular issue	1969	11	4	Vatan Gazetecilik ve Matbaacılık İşletmeciliği
4	Haftalık Ant Dergisi	150	regular issue	1969	11	11	Vatan Gazetecilik ve Matbaacılık İşletmeciliği
4	Haftalık Ant Dergisi	151	regular issue	1969	11	18	Vatan Gazetecilik ve Matbaacılık İşletmeciliği
4	Haftalık Ant Dergisi	152	regular issue	1969	11	25	Vatan Gazetecilik ve Matbaacılık İşletmeciliği
4	Haftalık Ant Dergisi	153	regular issue	1969	12	2	Vatan Gazetecilik ve Matbaacılık İşletmeciliği
4	Haftalık Ant Dergisi	154	regular issue	1969	12	9	Vatan Gazetecilik ve Matbaacılık İşletmeciliği
4	Haftalık Ant Dergisi	155	regular issue	1969	12	16	Vatan Gazetecilik ve Matbaacılık İşletmeciliği
4	Haftalık Ant Dergisi	156	regular issue	1969	12	23	Vatan Gazetecilik ve Matbaacılık İşletmeciliği
4	Haftalık Ant Dergisi	157	regular issue	1969	12	30	Vatan Gazetecilik ve Matbaacılık İşletmeciliği
4	Haftalık Ant Dergisi	158	regular issue	1970	1	6	Vatan Gazetecilik ve Matbaacılık İşletmeciliği
4	Haftalık Ant Dergisi	159	regular issue	1970	1	13	Vatan Gazetecilik ve Matbaacılık İşletmeciliği
4	Haftalık Ant Dergisi	160	regular issue	1970	1	20	Vatan Gazetecilik ve Matbaacılık İşletmeciliği
4	Haftalık Ant Dergisi	161	regular issue	1970	2	27	Vatan Gazetecilik ve Matbaacılık İşletmeciliği
4	Haftalık Ant Dergisi	162	regular issue	1970	2	3	Vatan Gazetecilik ve Matbaacılık İşletmeciliği
4	Haftalık Ant Dergisi	163	regular issue	1970	2	10	Vatan Gazetecilik ve Matbaacılık İşletmeciliği
4	Haftalık Ant Dergisi	164	regular issue	1970	2	17	Vatan Gazetecilik ve Matbaacılık İşletmeciliği
4	Haftalık Ant Dergisi	165	regular issue	1970	2	24	Vatan Gazetecilik ve Matbaacılık İşletmeciliği
4	Haftalık Ant Dergisi	166	regular issue	1970	3	3	Vatan Gazetecilik ve Matbaacılık İşletmeciliği
4	Haftalık Ant Dergisi	167	regular issue	1970	3	10	Vatan Gazetecilik ve Matbaacılık İşletmeciliği
4	Haftalık Ant Dergisi	168	regular issue	1970	3	17	Vatan Gazetecilik ve Matbaacılık İşletmeciliği
4	Haftalık Ant Dergisi	169	regular issue	1970	3	24	Vatan Gazetecilik ve Matbaacılık İşletmeciliği
4	Haftalık Ant Dergisi	170	regular issue	1970	3	31	Vatan Gazetecilik ve Matbaacılık İşletmeciliği
4	Haftalık Ant Dergisi	171	regular issue	1970	4	7	Vatan Gazetecilik ve Matbaacılık İşletmeciliği
4	Haftalık Ant Dergisi	172	regular issue	1970	4	14	Vatan Gazetecilik ve Matbaacılık İşletmeciliği
4	Haftalık Ant Dergisi	173	regular issue	1970	4	21	Vatan Gazetecilik ve Matbaacılık İşletmeciliği
4	Haftalık Ant Dergisi	0	special issue	1967	1	3	Tan Matbaası
5	Türk Solu	1	regular issue	1967	11	17	Güzel İstanbul Matbaası
5	Türk Solu	2	regular issue	1967	11	24	Güzel İstanbul Matbaası
5	Türk Solu	3	regular issue	1967	12	1	Güzel İstanbul Matbaası
5	Türk Solu	4	regular issue	1967	12	8	Güzel İstanbul Matbaası
5	Türk Solu	5	regular issue	1967	12	15	Güzel İstanbul Matbaası
5	Türk Solu	6	regular issue	1967	12	22	Güzel İstanbul Matbaası
5	Türk Solu	7	regular issue	1967	12	29	Güzel İstanbul Matbaası
5	Türk Solu	8	regular issue	1968	1	9	Son Telgraf Matbaası
5	Türk Solu	9	regular issue	1968	1	16	Son Telgraf Matbaası
5	Türk Solu	10	regular issue	1968	1	23	Son Telgraf Matbaası
5	Türk Solu	11	regular issue	1968	1	30	Son Telgraf Matbaası
5	Türk Solu	12	regular issue	1968	2	6	Son Telgraf Matbaası
5	Türk Solu	13	regular issue	1968	2	13	Son Telgraf Matbaası
5	Türk Solu	14	regular issue	1968	2	20	Son Telgraf Matbaası
5	Türk Solu	15	regular issue	1968	2	27	Son Telgraf Matbaası
5	Türk Solu	16	regular issue	1968	3	5	Son Telgraf Matbaası
5	Türk Solu	17	regular issue	1968	3	10	Son Telgraf Matbaası
5	Türk Solu	18	regular issue	1968	3	19	Son Telgraf Matbaası
5	Türk Solu	19	regular issue	1968	3	26	Son Telgraf Matbaası
5	Türk Solu	20	regular issue	1968	4	2	Son Telgraf Matbaası
5	Türk Solu	21	regular issue	1968	4	9	Son Telgraf Matbaası
5	Türk Solu	22	regular issue	1968	4	16	Son Telgraf Matbaası
5	Türk Solu	23	regular issue	1968	4	23	Son Telgraf Matbaası
5	Türk Solu	24	regular issue	1968	4	29	Son Telgraf Matbaası
5	Türk Solu	25	regular issue	1968	5	7	Son Telgraf Matbaası
5	Türk Solu	26	regular issue	1968	5	14	Son Telgraf Matbaası
5	Türk Solu	27	regular issue	1968	5	21	Son Telgraf Matbaası
5	Türk Solu	28	regular issue	1968	5	28	Son Telgraf Matbaası
5	Türk Solu	29	regular issue	1968	6	4	Son Telgraf Matbaası
5	Türk Solu	30	regular issue	1968	6	11	Son Telgraf Matbaası
5	Türk Solu	31	regular issue	1968	6	18	Son Telgraf Matbaası
5	Türk Solu	32	regular issue	1968	6	25	Son Telgraf Matbaası
5	Türk Solu	33	regular issue	1968	7	2	Son Telgraf Matbaası
5	Türk Solu	34	regular issue	1968	7	9	Son Telgraf Matbaası
5	Türk Solu	35	regular issue	1968	7	16	Son Telgraf Matbaası
5	Türk Solu	36	regular issue	1968	7	23	Son Telgraf Matbaası
5	Türk Solu	37	regular issue	1968	7	30	Son Telgraf Matbaası
5	Türk Solu	38	regular issue	1968	8	6	Son Telgraf Matbaası
5	Türk Solu	39	regular issue	1968	8	13	Son Telgraf Matbaası
5	Türk Solu	40	regular issue	1968	8	20	Son Telgraf Matbaası
5	Türk Solu	41	regular issue	1968	8	27	Son Telgraf Matbaası
5	Türk Solu	42	regular issue	1968	9	3	Son Telgraf Matbaası
5	Türk Solu	43	regular issue	1968	9	10	Son Telgraf Matbaası
5	Türk Solu	44	regular issue	1968	9	17	Son Telgraf Matbaası
5	Türk Solu	45	regular issue	1968	9	24	Son Telgraf Matbaası
5	Türk Solu	46	regular issue	1968	10	1	Son Telgraf Matbaası
5	Türk Solu	47	regular issue	1968	10	8	Yüksel Matbaası
5	Türk Solu	48	regular issue	1968	10	15	Yüksel Matbaası
5	Türk Solu	49	regular issue	1968	10	22	Yüksel Matbaası
5	Türk Solu	50	regular issue	1968	10	29	Yüksel Matbaası
5	Türk Solu	51	regular issue	1968	11	5	Yüksel Matbaası
5	Türk Solu	52	regular issue	1968	11		Yüksel Matbaası
5	Türk Solu	53	regular issue	1968	11	19	Yüksel Matbaası
5	Türk Solu	54	regular issue	1968	11	26	Yüksel Matbaası
5	Türk Solu	55	regular issue	1968	12	3	Yüksel Matbaası
5	Türk Solu	56	regular issue	1968	12	10	Yüksel Matbaası
5	Türk Solu	57	regular issue	1968	12	17	Yüksel Matbaası
5	Türk Solu	58	regular issue	1968	12	26	Yüksel Matbaası
5	Türk Solu	59	regular issue	1968	12	31	Yüksel Matbaası
5	Türk Solu	60	regular issue	1969	1	7	Talat Matbaası
5	Türk Solu	61	regular issue	1969	1	14	Talat Matbaası
5	Türk Solu	62	regular issue	1969	1	21	Talat Matbaası
5	Türk Solu	63	regular issue	1969	1	28	Talat Matbaası
5	Türk Solu	64	regular issue	1969	2	4	Talat Matbaası
5	Türk Solu	65	regular issue	1969	2	11	Talat Matbaası
5	Türk Solu	66	regular issue	1969	2	18	Talat Matbaası
5	Türk Solu	67	regular issue	1969	2	25	Talat Matbaası
5	Türk Solu	68	regular issue	1969	3	4	Talat Matbaası
5	Türk Solu	69	regular issue	1969	3	11	Talat Matbaası
5	Türk Solu	70	regular issue	1969	3	18	Talat Matbaası
5	Türk Solu	71	regular issue	1969	3	25	Talat Matbaası
5	Türk Solu	72	regular issue	1969	4	1	Talat Matbaası
5	Türk Solu	73	regular issue	1969	4	8	
5	Türk Solu	74	regular issue	1969	4	15	Haşmet Matbaası
5	Türk Solu	75	regular issue	1969	4	22	Haşmet Matbaası
5	Türk Solu	76	regular issue	1969	4	29	Haşmet Matbaası
5	Türk Solu	77	regular issue	1969	5	6	
5	Türk Solu	78	regular issue	1969	5	13	
5	Türk Solu	79	regular issue	1969	5	20	
5	Türk Solu	80	regular issue	1969	5	27	
5	Türk Solu	81	regular issue	1969	6	3	
5	Türk Solu	82	regular issue	1969	6	10	
5	Türk Solu	83	regular issue	1969	6	17	
5	Türk Solu	84	regular issue	1969	6	24	
5	Türk Solu	85	regular issue	1969	7	1	
5	Türk Solu	86	regular issue	1969	7	8	
5	Türk Solu	87	regular issue	1969	7	15	
5	Türk Solu	88	regular issue	1969	7	22	
5	Türk Solu	89	regular issue	1969	7	29	
5	Türk Solu	90	regular issue	1969	8	5	
5	Türk Solu	91	regular issue	1969	8	12	
5	Türk Solu	92	regular issue	1969	8	19	
5	Türk Solu	93	regular issue	1969	8	26	
5	Türk Solu	94	regular issue	1969	9	2	
5	Türk Solu	95	regular issue	1969	9	9	
5	Türk Solu	96	regular issue	1969	9	16	
5	Türk Solu	97	regular issue	1969	9	23	
5	Türk Solu	98	regular issue	1969	9	30	
5	Türk Solu	99	regular issue	1969	10	7	
5	Türk Solu	100	regular issue	1969	10	14	
5	Türk Solu	101	regular issue	1969	10	21	
5	Türk Solu	102	regular issue	1969	10	28	
5	Türk Solu	103	regular issue	1969	11	4	
5	Türk Solu	104	regular issue	1969	11	11	
5	Türk Solu	105	regular issue	1969	11	18	
5	Türk Solu	106	regular issue	1969	11	25	
5	Türk Solu	107	regular issue	1969	12	2	
5	Türk Solu	108	regular issue	1969	12	9	
5	Türk Solu	109	regular issue	1969	12	16	
5	Türk Solu	110	regular issue	1969	12	23	
5	Türk Solu	111	regular issue	1969	12	30	
5	Türk Solu	112	regular issue	1970	1	6	
5	Türk Solu	113	regular issue	1970	1	13	
5	Türk Solu	114	regular issue	1970	1	20	
5	Türk Solu	115	regular issue	1970	1	27	
5	Türk Solu	116	regular issue	1970	2	3	
5	Türk Solu	117	regular issue	1970	2	10	
5	Türk Solu	118	regular issue	1970	2	17	
5	Türk Solu	119	regular issue	1970	2	24	
5	Türk Solu	120	regular issue	1970	3	3	
5	Türk Solu	121	regular issue	1970	3	10	
5	Türk Solu	122	regular issue	1970	3	17	
5	Türk Solu	123	regular issue	1970	3	24	
5	Türk Solu	124	regular issue	1970	3	31	
5	Türk Solu	125	regular issue	1970	4	7	
5	Türk Solu	126	regular issue	1970	4	14	
6	Kurtuluş Yolu	1	regular issue	1968	12	1	Hermon Matbaası
6	Kurtuluş Yolu	2	regular issue	1968	12	15	Hermon Matbaası
6	Kurtuluş Yolu	3	regular issue	1969	1	1	Hermon Matbaası
6	Kurtuluş Yolu	4	regular issue	1969	1	17	Hermon Matbaası
6	Kurtuluş Yolu	5	regular issue	1969			
6	Kurtuluş Yolu	6	regular issue	1969	2	15	Hermon Matbaası
6	Kurtuluş Yolu	7	regular issue	1969	3	1	Hermon Matbaası
6	Kurtuluş Yolu	8	regular issue	1970	5	16	Hermon Matbaası
6	Kurtuluş Yolu	9	regular issue	1970	6	5	Hermon Matbaası
6	Kurtuluş Yolu	10	regular issue	1970			
6	Kurtuluş Yolu	11	regular issue	1970	8	6	
6	Kurtuluş Yolu	12	regular issue	1970	8	31	Haşmet Matbaası
6	Kurtuluş Yolu	13	regular issue	1970	9	25	Haşmet Matbaası
6	Kurtuluş Yolu	14	regular issue	1970	10	15	Haşmet Matbaası
6	Kurtuluş Yolu	15	regular issue	1970			
6	Kurtuluş Yolu	16	regular issue	1970	11	23	Tur Matbaası
6	Kurtuluş Yolu	0	special issue	1970	6	16	
7	DİSK Gazetesi	1	regular issue	1967	4	19	Vatan Gazetecilik ve Matbaacılık İşletmeciliği
7	DİSK Gazetesi	2	regular issue	1967	5	22	Vatan Gazetecilik ve Matbaacılık İşletmeciliği
7	DİSK Gazetesi	3	regular issue	1967			Vatan Gazetecilik ve Matbaacılık İşletmeciliği
7	DİSK Gazetesi	4	regular issue	1967	12	12	Vatan Gazetecilik ve Matbaacılık İşletmeciliği
7	DİSK Gazetesi	5	regular issue	1968	1	6	Vatan Gazetecilik ve Matbaacılık İşletmeciliği
8	DİSK Gazetesi (2)	1	regular issue	1970	8	20	Ulusal Basımevi
8	DİSK Gazetesi (2)	2	regular issue	1970	9	10	Ulusal Basımevi
8	DİSK Gazetesi (2)	3	regular issue	1970	10	1	Ulusal Basımevi
8	DİSK Gazetesi (2)	4	regular issue	1970	11	13	Ulusal Basımevi
9	İleri	1	regular issue	1968			Not specified
9	İleri	2	regular issue	1968	12	10	Not specified
9	İleri	3	regular issue	1969	1		Not specified
9	İleri	4	regular issue	1969	3	11	Not specified
9	İleri	5	regular issue	1969	5	23	Not specified
9	İleri	6	regular issue	1969	6	16	Şenyuva Matbaası
10	Kavga	1	regular issue	1967			
10	Kavga	2	regular issue	1967	1	18	
10	Kavga	3	regular issue	1967	1	25	
10	Kavga	4	regular issue	1967	4	15	Ulusoğlu Matbaası
10	Kavga	5	regular issue	1967			
10	Kavga	6	regular issue	1967	5	16	Ulusoğlu Matbaası
10	Kavga	0	special issue	1967			Ulusoğlu Matbaası
11	Proleter	1	regular issue	1967	11	15	İş Matbaacılık ve Ticaret
11	Proleter	2	regular issue	1967	12	15	İş Matbaacılık ve Ticaret
11	Proleter	3	regular issue	1968	1	15	Ulusal Basımevi
11	Proleter	4	regular issue	1968	2	15	Ulusal Basımevi
11	Proleter	5	regular issue	1968	3	15	Ulusal Basımevi
11	Proleter	6	regular issue	1968	4	15	Yağaç Matbaası
11	Proleter	7	regular issue	1968	5	15	Yağaç Matbaası
11	Proleter	8	regular issue	1968			
11	Proleter	9	regular issue	1969	5	10	
11	Proleter	10	regular issue	1969	6	15	Ser Matbaası
11	Proleter	11	regular issue	1969	7	20	Ser Matbaası
11	Proleter	12	regular issue	1969			
11	Proleter	13	regular issue	1969	10	9	
12	Yeni Gerçek	1	regular issue	1967	9		Acar Matbaası
12	Yeni Gerçek	2	regular issue	1967	10		Acar Matbaası
12	Yeni Gerçek	3	regular issue	1967	11		Acar Matbaası
12	Yeni Gerçek	4	regular issue	1967	12		Acar Matbaası
12	Yeni Gerçek	5	regular issue	1968	1		Acar Matbaası
12	Yeni Gerçek	6	regular issue	1968	2-3		Acar Matbaası
12	Yeni Gerçek	7	regular issue	1968	4		Acar Matbaası
12	Yeni Gerçek	8	regular issue	1968	5		Acar Matbaası
12	Yeni Gerçek	9	regular issue	1968	6-7		Acar Matbaası
13	Haşhaş	1	regular issue	1968			
13	Haşhaş	2	regular issue	1968			
13	Haşhaş	3	regular issue	1968			
13	Haşhaş	4	regular issue	1968	2	1	
13	Haşhaş	5	regular issue	1968	2	15	Sebat Matbaası
14	Sosyalist	1	regular issue	1967	1	20	
14	Sosyalist	1	regular issue	1970	12	8	
14	Sosyalist	2	regular issue	1967	2	7	
14	Sosyalist	2	regular issue	1971	12	15	
14	Sosyalist	3	regular issue	1967	3	4	
14	Sosyalist	3	regular issue	1971	12	22	
14	Sosyalist	4	regular issue	1967	4	12	
14	Sosyalist	4	regular issue	1971	12	29	
14	Sosyalist	5	regular issue	1967	5	30	
14	Sosyalist	6	regular issue	1967	6	20	
14	Sosyalist	6	regular issue	1971	1	12	
14	Sosyalist	7	regular issue	1967	7	12	
14	Sosyalist	7	regular issue	1971	1	26	
14	Sosyalist	8	regular issue	1971			
14	Sosyalist	9-16	regular issue	1971	2	16	
14	Sosyalist	10-17	regular issue	1971	2	23	
14	Sosyalist	12	regular issue	1971			
14	Sosyalist	18	regular issue	1971	3	2	
14	Sosyalist	19	regular issue	1971	3	9	
14	Sosyalist	20	regular issue	1971	3	16	
14	Sosyalist	21	regular issue	1971	3	23	
14	Sosyalist	22	regular issue	1971	3	30	
14	Sosyalist	23	regular issue	1971	4	6	
14	Sosyalist	24	regular issue	1971	4	13	
14	Sosyalist	25	regular issue	1971	4	20	
14	Sosyalist	26	regular issue	1971	4	27	
15	Sömürücüye Yumruk	1	regular issue	1967	10	4	
15	Sömürücüye Yumruk	2	regular issue	1967	10	16	
15	Sömürücüye Yumruk	3	regular issue	1967	11	7	
15	Sömürücüye Yumruk	4	regular issue	1967	11	24	
15	Sömürücüye Yumruk	5	regular issue	1967	12		
15	Sömürücüye Yumruk	6	regular issue	1967	12	28	
15	Sömürücüye Yumruk	7	regular issue	1968	1	17	
15	Sömürücüye Yumruk	8	regular issue	1968	2	1	
15	Sömürücüye Yumruk	9	regular issue	1968	2	21	
15	Sömürücüye Yumruk	10	regular issue	1968	3	7	
15	Sömürücüye Yumruk	11	regular issue	1968	5	14	
15	Sömürücüye Yumruk	12	regular issue	1968	5	30	
15	Sömürücüye Yumruk	13	regular issue	1968	7	26	
15	Sömürücüye Yumruk	14	regular issue	1968	8	26	
15	Sömürücüye Yumruk	15	regular issue	1968	10	26	
15	Sömürücüye Yumruk	16	regular issue	1968	12	10	
15	Sömürücüye Yumruk	17	regular issue	1968	12	25	
15	Sömürücüye Yumruk	18	regular issue	1969	2	6	
15	Sömürücüye Yumruk	19	regular issue	1969	3	8	
15	Sömürücüye Yumruk	20	regular issue	1969	5		
15	Sömürücüye Yumruk	21	regular issue	1969	6		
15	Sömürücüye Yumruk	22	regular issue	1969	8	26	
15	Sömürücüye Yumruk	23	regular issue	1969	9	25	
15	Sömürücüye Yumruk	24	regular issue	1969	11	22	
15	Sömürücüye Yumruk	25	regular issue	1970	1	19	
15	Sömürücüye Yumruk	26	regular issue	1970	3	20	
15	Sömürücüye Yumruk	27	regular issue	1970	6	8	
15	Sömürücüye Yumruk	28	regular issue	1970	8	14	
15	Sömürücüye Yumruk	29	special issue	1970	9	10	
15	Sömürücüye Yumruk	30	special issue	1970	10	28	
15	Sömürücüye Yumruk	31	regular issue	1971	1	23	
15	Sömürücüye Yumruk	32	regular issue	1971	2	27	
15	Sömürücüye Yumruk	33	regular issue	1971	4	23	
15	Sömürücüye Yumruk	0	special issue	1968	12	25	
16	Devrimci TİP Haberleri	1	regular issue	1969	9	25	Dilek Matbaası
16	Devrimci TİP Haberleri	2	regular issue	1969	10	10	Dilek Matbaası
16	Devrimci TİP Haberleri	3	regular issue	1969	11	8	Dilek Matbaası
16	Devrimci TİP Haberleri	4	regular issue	1969	11	27	Dilek Matbaası
16	Devrimci TİP Haberleri	5	regular issue	1969	12	26	Dilek Matbaası
17	TİP Haberleri	1	regular issue	1967	11	19	
17	TİP Haberleri	2	regular issue	1967	12	1	
17	TİP Haberleri	3	regular issue	1967	12	16	
17	TİP Haberleri	4	regular issue	1968	1	1	
17	TİP Haberleri	5	regular issue	1968	1	1	
17	TİP Haberleri	6	regular issue	1968	2	1	
17	TİP Haberleri	7	regular issue	1968	2	16	
17	TİP Haberleri	8	regular issue	1968	2	23	
17	TİP Haberleri	9	regular issue	1968	2	23	
17	TİP Haberleri	10	regular issue	1968	3	9	
17	TİP Haberleri	10	special issue	1968	3	9	
17	TİP Haberleri	11	regular issue	1968	4	1	
17	TİP Haberleri	12	regular issue	1968	4	16	
17	TİP Haberleri	13	regular issue	1968	5	3	
17	TİP Haberleri	14	regular issue	1968	5	16	
17	TİP Haberleri	15	regular issue	1968	6	2	
17	TİP Haberleri	16	regular issue	1968	7	1	
17	TİP Haberleri	17	regular issue	1968	7	16	
17	TİP Haberleri	18	regular issue	1968	8	1	
17	TİP Haberleri	19	regular issue	1968	8	15	
17	TİP Haberleri	20	regular issue	1968	9	1	
17	TİP Haberleri	21-22	regular issue	1968	10	6	
17	TİP Haberleri	23-24	regular issue	1968	12	16	
17	TİP Haberleri	25	regular issue	1969	1	1	
17	TİP Haberleri	26	regular issue	1969	1	16	
17	TİP Haberleri	27-28	regular issue	1969	4	10	
17	TİP Haberleri	29-30	regular issue	1969	4	25	
17	TİP Haberleri	31-32	regular issue	1969	5	22	
17	TİP Haberleri	33-34	regular issue	1969	6	26	
17	TİP Haberleri	35-36	regular issue	1969	8	21	
17	TİP Haberleri	37-38	regular issue	1969	7	21	
17	TİP Haberleri	39-40	regular issue	1969	11	14	
18	İstanbul Tekstil İşçilerinin Sesi	1	regular issue				
18	İstanbul Tekstil İşçilerinin Sesi	2	regular issue				
18	İstanbul Tekstil İşçilerinin Sesi	3	regular issue	1967	6	17	
18	İstanbul Tekstil İşçilerinin Sesi	4	regular issue	1967	7	5	
18	İstanbul Tekstil İşçilerinin Sesi	5	regular issue				
18	İstanbul Tekstil İşçilerinin Sesi	6	regular issue				
18	İstanbul Tekstil İşçilerinin Sesi	7	regular issue				
18	İstanbul Tekstil İşçilerinin Sesi	8	regular issue	1967	9	18	
18	İstanbul Tekstil İşçilerinin Sesi	9	regular issue	1967	10	10	
18	İstanbul Tekstil İşçilerinin Sesi	10	regular issue				
18	İstanbul Tekstil İşçilerinin Sesi	11	regular issue				
18	İstanbul Tekstil İşçilerinin Sesi	12	regular issue	1967	12	5	
18	İstanbul Tekstil İşçilerinin Sesi	13	regular issue	1967	12	30	
18	İstanbul Tekstil İşçilerinin Sesi	14	regular issue				
18	İstanbul Tekstil İşçilerinin Sesi	15	regular issue	1968	2	15	
18	İstanbul Tekstil İşçilerinin Sesi	16	regular issue	1968	3	15	
18	İstanbul Tekstil İşçilerinin Sesi	17	regular issue	1968	4	1	
18	İstanbul Tekstil İşçilerinin Sesi	18	regular issue	1968	4	16	
18	İstanbul Tekstil İşçilerinin Sesi	19	regular issue	1968	5	4	
18	İstanbul Tekstil İşçilerinin Sesi	20	regular issue	1968	5	30	
18	İstanbul Tekstil İşçilerinin Sesi	21	regular issue	1968	6	22	
19	Tekstil Gazetesi	1	regular issue	1968	7	1	
19	Tekstil Gazetesi	2	regular issue	1968	7		
19	Tekstil Gazetesi	3	regular issue	1968	8	1	
19	Tekstil Gazetesi	4	regular issue	1968	8	15	Bilmen Matbaası
19	Tekstil Gazetesi	5	regular issue	1968	9		
19	Tekstil Gazetesi	6	regular issue	1968	10	7	Talat Matbaası
19	Tekstil Gazetesi	7	regular issue	1968	10	15	Talat Matbaası
19	Tekstil Gazetesi	8	regular issue	1968	11	15	Talat Matbaası
19	Tekstil Gazetesi	9	regular issue	1969			
19	Tekstil Gazetesi	10	regular issue	1969			
19	Tekstil Gazetesi	11	regular issue	1969			
19	Tekstil Gazetesi	12	regular issue	1969			
19	Tekstil Gazetesi	13	regular issue	1969			
19	Tekstil Gazetesi	14	regular issue	1969	6	1	Sile Matbaası
19	Tekstil Gazetesi	15	regular issue	1969	7	1	Sile Matbaası
19	Tekstil Gazetesi	16	regular issue	1969	7	15	Sile Matbaası
19	Tekstil Gazetesi	17	regular issue	1969	8	1	Sile Matbaası
19	Tekstil Gazetesi	18	regular issue	1969	8	15	Sile Matbaası
19	Tekstil Gazetesi	19	regular issue	1969	9	1	Sile Matbaası
19	Tekstil Gazetesi	20	regular issue	1969	9	15	Sile Matbaası
19	Tekstil Gazetesi	21	regular issue	1969	10	1	
19	Tekstil Gazetesi	22	regular issue	1969	10	15	
19	Tekstil Gazetesi	23	regular issue	1969	11	1	
19	Tekstil Gazetesi	24	regular issue	1969	11	15	
19	Tekstil Gazetesi	25	regular issue	1969	12	1	
19	Tekstil Gazetesi	26	regular issue	1969	12	15	
19	Tekstil Gazetesi	27	regular issue	1970	1	15	
19	Tekstil Gazetesi	28	regular issue	1970	2	1	
19	Tekstil Gazetesi	29	regular issue	1970	3	5	
19	Tekstil Gazetesi	30	regular issue	1970	3	15	
19	Tekstil Gazetesi	31	regular issue	1970	4	1	
19	Tekstil Gazetesi	32	regular issue	1970	4	15	
19	Tekstil Gazetesi	33	regular issue	1970	5	1	
19	Tekstil Gazetesi	34	regular issue	1970	5	15	
19	Tekstil Gazetesi	35	regular issue	1970	6	1	
19	Tekstil Gazetesi	36	regular issue	1970	6	15	
19	Tekstil Gazetesi	37	regular issue	1970	7	1	
19	Tekstil Gazetesi	38	regular issue	1970	7	15	
19	Tekstil Gazetesi	39	regular issue	1970	8	1	
19	Tekstil Gazetesi	40	regular issue	1970	8	15	
19	Tekstil Gazetesi	41	regular issue	1970	9	1	
19	Tekstil Gazetesi	42	regular issue	1970	9	15	
19	Tekstil Gazetesi	43	regular issue	1970	10	1	
19	Tekstil Gazetesi	44	regular issue	1970	10	15	
19	Tekstil Gazetesi	45	regular issue	1970	11	1	
19	Tekstil Gazetesi	46	regular issue	1970	11	15	
19	Tekstil Gazetesi	47	regular issue	1970	12	1	
19	Tekstil Gazetesi	48	regular issue	1970	12	15	
19	Tekstil Gazetesi	49	regular issue	1971	1	1	
19	Tekstil Gazetesi	50	regular issue	1971	1	15	
19	Tekstil Gazetesi	51	regular issue	1971	2	1	
19	Tekstil Gazetesi	52	regular issue	1971	2	15	
19	Tekstil Gazetesi	53	regular issue	1971	3	1	
19	Tekstil Gazetesi	54	regular issue	1971	3	15	
19	Tekstil Gazetesi	55	regular issue	1971	4	1	
19	Tekstil Gazetesi	56	regular issue	1971	11	15	
19	Tekstil Gazetesi	57	regular issue	1971	12		
20	Ezilenler	1	regular issue	1968	12	25	Uğur Basımevi
20	Ezilenler	2	regular issue	1969	1	15	Uğur Basımevi
20	Ezilenler	3	regular issue				
20	Ezilenler	4	regular issue				
20	Ezilenler	5	regular issue				
20	Ezilenler	6	regular issue	1969	4	1	Uğur Basımevi
20	Ezilenler	7	regular issue	1969	4	15	Yeşil Fatsa Matbaası
20	Ezilenler	8	regular issue	1969	5	1	Yeşil Fatsa Matbaası
21	Fakirin Dostu	1	regular issue				
21	Fakirin Dostu	2	regular issue				
21	Fakirin Dostu	3	regular issue				
21	Fakirin Dostu	4	regular issue	1969	12	4	
22	FKF Mektubu	1	regular issue	1968	11	4	Not specified
22	FKF Mektubu	2	regular issue	1968	11	11	Not specified
23	Tüm	1	regular issue	1968	12	11	
23	Tüm	2	regular issue	1968	12	18	
23	Tüm	3	regular issue	1968	12	25	
23	Tüm	4	regular issue	1969	1	1	
24	Örgüt	Not specified	regular issue	1968	5	26	
25	Kimya-İş	1	regular issue				
25	Kimya-İş	2	regular issue				
25	Kimya-İş	3	regular issue				
25	Kimya-İş	4	regular issue				
25	Kimya-İş	5	regular issue	1968	10	18	
25	Kimya-İş	6	regular issue				
25	Kimya-İş	7	regular issue				
25	Kimya-İş	8	regular issue				
25	Kimya-İş	9	regular issue				
25	Kimya-İş	10	regular issue				
25	Kimya-İş	11	regular issue				
25	Kimya-İş	12	regular issue				
25	Kimya-İş	13	regular issue				
25	Kimya-İş	14	regular issue				
25	Kimya-İş	15	regular issue				
25	Kimya-İş	16	regular issue				
25	Kimya-İş	17	regular issue	1971	12	6	
25	Kimya-İş	18	regular issue	1972	1	17	
25	Kimya-İş	19	regular issue	1972	6	17	
25	Kimya-İş	20	regular issue	1972	7	15	
25	Kimya-İş	21	regular issue	1972	8	17	
25	Kimya-İş	22	regular issue	1972	9	23	
25	Kimya-İş	23	regular issue	1972	11	4	
25	Kimya-İş	24	regular issue	1972	12	5	
25	Kimya-İş	25	regular issue	1973	1	9	
25	Kimya-İş	26	regular issue	1973	2	20	
25	Kimya-İş	27	regular issue	1973	4	20	
25	Kimya-İş	28	regular issue	1973	5	17	
25	Kimya-İş	29	regular issue	1973	6	20	
25	Kimya-İş	30	regular issue	1973	7	31	
25	Kimya-İş	31	regular issue	1973	9	10	
25	Kimya-İş	32	regular issue	1973	10	10	
25	Kimya-İş	33	regular issue	1973	10	10	
25	Kimya-İş	34	regular issue	1973	11	12	
25	Kimya-İş	35	regular issue	1973	12	5	
25	Kimya-İş	36	regular issue	1974	1	15	
25	Kimya-İş	37	regular issue	1974	2	15	
25	Kimya-İş	38	regular issue	1974	3	15	
25	Kimya-İş	39	regular issue	1974	4	15	
25	Kimya-İş	40	regular issue	1974	5	15	
25	Kimya-İş	41	regular issue	1974	6		
25	Kimya-İş	42	regular issue	1974	7		
25	Kimya-İş	43	regular issue	1974	8		
25	Kimya-İş	44	regular issue	1974	9		
25	Kimya-İş	45	regular issue	1974	10		
25	Kimya-İş	46	regular issue	1974	11		
25	Kimya-İş	47	regular issue	1974	12		
25	Kimya-İş	48	regular issue	1975	1		
25	Kimya-İş	49	regular issue	1975	2		
25	Kimya-İş	50	regular issue	1975	3-4		
25	Kimya-İş	51	regular issue	1975	5		
25	Kimya-İş	52	regular issue	1975	6		
25	Kimya-İş	0	special issue	1975			
25	Kimya-İş	0	special issue	1975	6		
26	Durum						
26	Durum						
26	Durum						
26	Durum						
26	Durum						
26	Durum						
26	Durum						
26	Durum						
26	Durum						
26	Durum						
26	Durum						
26	Durum						
26	Durum						
26	Durum						
26	Durum						
26	Durum						
26	Durum						
26	Durum						
26	Durum						
26	Durum						
26	Durum						
26	Durum						
26	Durum						
26	Durum						
26	Durum						
26	Durum						
26	Durum						
26	Durum						
26	Durum						
26	Durum						
26	Durum						
26	Durum						
26	Durum						
26	Durum						
26	Durum						
26	Durum						
26	Durum						
26	Durum						
26	Durum						
26	Durum						
26	Durum						
26	Durum						
26	Durum						
26	Durum						
26	Durum						
26	Durum						
26	Durum						
26	Durum						
26	Durum						
26	Durum						
26	Durum						
26	Durum						
26	Durum						
26	Durum						
26	Durum						
26	Durum						
26	Durum						
26	Durum						
26	Durum						
26	Durum						
26	Durum						
26	Durum						
26	Durum						
26	Durum						
26	Durum						
26	Durum						
26	Durum						
26	Durum	0	special issue	1973	10	20	
26	Durum	0	special issue	1974	9	11	
26	Durum	1	regular issue				
26	Durum	23	regular issue	1969	12	15	
26	Durum	2					
26	Durum	3					
26	Durum	4					
26	Durum	5					
26	Durum	6					
26	Durum	7					
26	Durum	8					
26	Durum	9					
26	Durum	10					
26	Durum	11					
26	Durum	12					
26	Durum	13					
26	Durum	14					
26	Durum	15					
26	Durum	16					
26	Durum	17					
26	Durum	18					
26	Durum	19					
26	Durum	20					
26	Durum	21					
26	Durum	22					
26	Durum	24					
26	Durum	25					
26	Durum	26					
26	Durum	27					
26	Durum	28					
26	Durum	29					
26	Durum	30					
26	Durum	31					
26	Durum	32					
26	Durum	33					
26	Durum	34					
26	Durum	35					
26	Durum	36					
26	Durum	37					
26	Durum	38					
26	Durum	39					
26	Durum	40					
26	Durum	41					
26	Durum	42					
26	Durum	43					
26	Durum	44					
26	Durum	45					
26	Durum	46					
26	Durum	47					
26	Durum	48					
26	Durum	49					
26	Durum	50					
26	Durum	51					
26	Durum	52					
26	Durum	53					
26	Durum	54					
26	Durum	55					
26	Durum	56					
26	Durum	57					
26	Durum	58					
26	Durum	59					
26	Durum	60					
26	Durum	61					
26	Durum	62					
26	Durum	63					
26	Durum	64					
26	Durum	65					
26	Durum	66					
26	Durum	67					
26	Durum	68					
26	Durum	69					
26	Durum	70					
26	Durum	71					
26	Durum	72					
26	Durum	73					
26	Durum	74					
26	Durum	75					
26	Durum	76	regular issue	1972	3	1	
26	Durum	77	regular issue	1972	3	15	
26	Durum	78					
26	Durum	79					
26	Durum	80					
26	Durum	81					
26	Durum	82					
26	Durum	83					
26	Durum	84					
26	Durum	85					
26	Durum	86					
26	Durum	87					
26	Durum	88					
26	Durum	89					
26	Durum	90					
26	Durum	91					
26	Durum	92					
26	Durum	93					
26	Durum	94					
26	Durum	95					
26	Durum	96					
26	Durum	97					
26	Durum	98					
26	Durum	99					
26	Durum	100					
26	Durum	101					
26	Durum	102					
26	Durum	103					
26	Durum	104					
26	Durum	105					
26	Durum	106					
26	Durum	107					
26	Durum	108					
26	Durum	109					
26	Durum	110					
26	Durum	111					
26	Durum	112					
26	Durum	113	regular issue	1974	1	15	
26	Durum	114	regular issue	1974	2	1	
26	Durum	115	regular issue	1974	2	15	
26	Durum	116	regular issue	1974	3	1	
26	Durum	117	regular issue	1974	3	15	
26	Durum	118	regular issue	1974	4	1	
26	Durum	119	regular issue	1974	4	15	
26	Durum	120	regular issue	1974	5	1	
26	Durum	121					
26	Durum	122					
26	Durum	123					
26	Durum	124					
26	Durum	125					
26	Durum	125	regular issue	1974	7	15	
26	Durum	126					
26	Durum	126-127	regular issue	1974	8	15	
26	Durum	127					
26	Durum	128					
26	Durum	128	regular issue	1974	9	1	
26	Durum	129					
26	Durum	129	regular issue	1974	9	15	
26	Durum	130					
26	Durum	131					
26	Durum	132					
26	Durum	133					
26	Durum	134					
26	Durum	135					
26	Durum	136					
26	Durum	137					
26	Durum	138					
26	Durum	139					
26	Durum	140					
26	Durum	141					
26	Durum	142					
26	Durum	143					
26	Durum	144					
26	Durum	145					
26	Durum	146					
26	Durum	147					
26	Durum	148					
26	Durum	149					
26	Durum	150					
26	Durum	151					
26	Durum	152					
26	Durum	153					
26	Durum	154					
26	Durum	155					
26	Durum	156					
26	Durum	157					
26	Durum	158					
26	Durum	159					
26	Durum	160					
26	Durum	161					
26	Durum	162					
26	Durum	163					
26	Durum	164					
26	Durum	165					
26	Durum	166					
26	Durum	167					
26	Durum	168					
26	Durum	169					
26	Durum	170					
26	Durum	171					
26	Durum	172					
26	Durum	173					
26	Durum	174					
26	Durum	175					
26	Durum	176					
26	Durum	177					
26	Durum	178					
26	Durum	179					
26	Durum	180					
26	Durum	181					
26	Durum	182					
26	Durum	183					
26	Durum	184					
26	Durum	185					
26	Durum	186					
26	Durum	187					
26	Durum	188					
26	Durum	189					
26	Durum	190					
26	Durum	191					
26	Durum	192					
26	Durum	193					
26	Durum	194					
26	Durum	195					
26	Durum	196					
26	Durum	197					
26	Durum	198					
26	Durum	199					
26	Durum	200					
26	Durum	201					
26	Durum	202					
26	Durum	203					
26	Durum	204					
26	Durum	205					
26	Durum	206					
26	Durum	207					
26	Durum	208					
26	Durum	209					
26	Durum	210					
26	Durum	211					
26	Durum	212					
26	Durum	213					
26	Durum	214					
26	Durum	215					
26	Durum	216					
26	Durum	217					
26	Durum	218					
26	Durum	219					
26	Durum	220					
26	Durum	221	regular issue	1974	5	15	
26	Durum	222	regular issue	1974	6	1	
26	Durum	223	regular issue	1974	6	15	
26	Durum	224	regular issue	1974	7	1	
26	Durum	298	regular issue	1982	4	1	
27	Ekmek	1	regular issue	1969			
27	Ekmek	2	regular issue	1969	6	15	
27	Ekmek	3	regular issue	1969	7	5	
28	Emek						
29	Gençlik	1	regular issue	1969	11		
29	Gençlik	2	regular issue	1969	12		
29	Gençlik	3-4	regular issue	1970	1-2		
29	Gençlik	5	regular issue	1970	3		
29	Gençlik	6	regular issue	1970	4		
29	Gençlik	7	regular issue	1970	5-6		
29	Gençlik	8	regular issue	1970	7		
29	Gençlik	9	regular issue	1970	8		
29	Gençlik	10	regular issue	1970	9-10		
30	İşçi Birliği	1	regular issue	1969	6	30	
30	İşçi Birliği	2	regular issue	1969	7	26	
30	İşçi Birliği	3	regular issue	1969	8	20	
30	İşçi Birliği	4	regular issue	1969	9	11	
30	İşçi Birliği	5	regular issue	1969			
30	İşçi Birliği	6	regular issue	1969	9	19	
31	İşçi Köylü	1	regular issue	1969	7	8	
31	İşçi Köylü	10	regular issue				
31	İşçi Köylü	11	regular issue				
31	İşçi Köylü	12	regular issue				
31	İşçi Köylü	13	regular issue				
31	İşçi Köylü	14	regular issue				
31	İşçi Köylü	15	regular issue				
31	İşçi Köylü	16	regular issue	1969	5	3	
31	İşçi Köylü	2	regular issue	1969	7	24	
31	İşçi Köylü	3	regular issue	1969	8	8	
31	İşçi Köylü	4	regular issue	1969	8	22	
31	İşçi Köylü	5	regular issue	1970	4	1	
31	İşçi Köylü	6	regular issue				
31	İşçi Köylü	7	regular issue				
31	İşçi Köylü	8	regular issue				
31	İşçi Köylü	9	regular issue				
32	Kardaş	1	regular issue				
32	Kardaş	2	regular issue				
32	Kardaş	3	regular issue				
32	Kardaş	4	regular issue				
32	Kardaş	5	regular issue				
32	Kardaş	6	regular issue				
32	Kardaş	7	regular issue				
32	Kardaş	8	regular issue				
32	Kardaş	9	regular issue				
32	Kardaş	10	regular issue				
32	Kardaş	11	regular issue				
32	Kardaş	12	regular issue				
32	Kardaş	13	regular issue				
32	Kardaş	14	regular issue				
32	Kardaş	15	regular issue	1970			
32	Kardaş	15	special issue	1970			
33	Katkı	1	regular issue	1970	9	15	
33	Katkı	2	regular issue	1970	10	15	
33	Katkı	3	regular issue	1970	11	15	
33	Katkı	4	regular issue	1970	12	15	
33	Katkı	5	regular issue	1971	1	15	
33	Katkı	6	regular issue	1971	2	15	
33	Katkı	7	regular issue	1971	3	15	
33	Katkı	8	regular issue	1971	4	15	
33	Katkı	9	regular issue	1974	12		
33	Katkı	10	regular issue	1975	1		
33	Katkı	11	regular issue	1975	2		
33	Katkı	12	regular issue	1975	3		
33	Katkı	13	regular issue	1975	4		
33	Katkı	14-15	regular issue	1975	5-6		
33	Katkı	16-17	regular issue	1975	7-8		
33	Katkı	18	regular issue	1975	9		
33	Katkı	19	regular issue	1975	10		
33	Katkı	20	regular issue	1975	11		
33	Katkı	21	regular issue	1975	12		
33	Katkı	22	regular issue	1976	1		
33	Katkı	23	regular issue	1976	2		
33	Katkı	24	regular issue	1976	3		
33	Katkı	25	regular issue	1976	4		
33	Katkı	26	regular issue	1976	8		
33	Katkı	27	regular issue	1976	9		
33	Katkı	28	regular issue	1976	12		
33	Katkı	29	regular issue	1977	3		
33	Katkı	30	regular issue	1977	4		
33	Katkı	31	regular issue	1977	5		
33	Katkı	32	regular issue	1977	9		
33	Katkı	33	regular issue	1977	10		
33	Katkı	34	regular issue	1977	11		
33	Katkı	35	regular issue	1978	3		
33	Katkı	36	regular issue	1978	8		
33	Katkı	37	regular issue	1980	7		
34	Köylü	1	regular issue				
34	Köylü	2	regular issue				
34	Köylü	3	regular issue	1969	6	11	
34	Köylü	4	regular issue	1969	6	27	
35	Köylü Birliği	1	regular issue	1969	8	5	
35	Köylü Birliği	2	regular issue	1969	9	24	
36	Kurtuluş	1	regular issue	1970	5		
36	Kurtuluş	2	regular issue	1970	6		
36	Kurtuluş	3	regular issue	1970	7		
36	Kurtuluş	4	regular issue	1970	8		
36	Kurtuluş	5	regular issue	1970	10		
36	Kurtuluş	6	regular issue	1970	11		
36	Kurtuluş	7	regular issue	1970	12		
36	Kurtuluş	8	regular issue	1971	3	15	
36	Kurtuluş	9	regular issue	1971	4	1	
37	Öncü İşçi	1	regular issue	1971	2	5	
37	Öncü İşçi	2	regular issue	1971	3	5	
37	Öncü İşçi	3	regular issue	1971	3	20	
37	Öncü İşçi	4	regular issue	1971	4	5	
37	Öncü İşçi	5	regular issue	1971	4	20	
38	Parti Gazetesi	1	regular issue	1971	2	1	
38	Parti Gazetesi	2	regular issue	1971	2	15	
38	Parti Gazetesi	3	regular issue	1971	3	1	
38	Parti Gazetesi	4	regular issue	1971	3	15	
38	Parti Gazetesi	5	regular issue	1971	4	1	
38	Parti Gazetesi	6	regular issue	1971	4	15	
38	Parti Gazetesi	7	regular issue	1971	5	15	
38	Parti Gazetesi	8	regular issue	1971	6	15	
38	Parti Gazetesi	9	regular issue	1971	7	1	
39	Partizan	1	regular issue	1970	5	1	
39	Partizan	2	regular issue	1970	5	15	
39	Partizan	3-4	regular issue	1970	6	1	
39	Partizan	5	regular issue	1970	8		
39	Partizan	6	regular issue	1970	9		
39	Partizan	7	regular issue	1970	12		
40	Sosyalist Parti	1	regular issue	1971	1		
40	Sosyalist Parti	2	regular issue	1971	2		
40	Sosyalist Parti	3	regular issue	1971	3		
40	Sosyalist Parti	4	regular issue	1971	4		
40	Sosyalist Parti	0	regular issue	1970	12		
41	Türkiye Defteri	1	regular issue	1971	4		
41	Türkiye Defteri	2	regular issue	1971			
41	Türkiye Defteri	3	regular issue	1971			
41	Türkiye Defteri	4	regular issue	1974	2		
41	Türkiye Defteri	5	regular issue	1974	3		
41	Türkiye Defteri	6	regular issue	1974	4		
41	Türkiye Defteri	7	regular issue	1974	5		
41	Türkiye Defteri	8	regular issue	1974	6		
41	Türkiye Defteri	9	regular issue	1974	7		
41	Türkiye Defteri	10	regular issue	1974	8		
41	Türkiye Defteri	11	regular issue	1974	9		
41	Türkiye Defteri	12	regular issue	1974	10		
41	Türkiye Defteri	13	regular issue	1974	11		
41	Türkiye Defteri	14	regular issue	1974	12		
41	Türkiye Defteri	15	regular issue	1975	1		
41	Türkiye Defteri	16	regular issue	1975	2		
41	Türkiye Defteri	17	regular issue	1975	3		
41	Türkiye Defteri	18	regular issue	1975	4		
41	Türkiye Defteri	19	regular issue				
41	Türkiye Defteri	20	regular issue				
42	Türkiye Solu	1	regular issue	1971	4	5	
42	Türkiye Solu	2	regular issue	1971	4	19	
43	Emek (2)	1	regular issue	1970	6		
43	Emek (2)	2	regular issue	1970	7		
43	Emek (2)	3	regular issue	1970	8		
43	Emek (2)	4	regular issue	1970	9		
43	Emek (2)	5	regular issue	1970	10		
43	Emek (2)	6	regular issue	1970	11		
43	Emek (2)	7	regular issue	1970	12		
43	Emek (2)	8	regular issue	1971	1		
43	Emek (2)	9	regular issue	1971	2		
43	Emek (2)	10	regular issue	1971	3		
43	Emek (2)	11	regular issue	1971	4		
43	Emek (2)	12	regular issue	1971	5		
